-- ROL
INSERT INTO SYSTEM.PLAYZONEAPP_ROL (ID, NOMBRE) VALUES (1, 'admin');
INSERT INTO SYSTEM.PLAYZONEAPP_ROL (ID, NOMBRE) VALUES (2, 'public');

-- CATEGORÍAS
INSERT INTO SYSTEM.PLAYZONEAPP_CATEGORIA (ID, NOMBRE) VALUES (1, 'Accion');
INSERT INTO SYSTEM.PLAYZONEAPP_CATEGORIA (ID, NOMBRE) VALUES (2, 'Free_To_Play');
INSERT INTO SYSTEM.PLAYZONEAPP_CATEGORIA (ID, NOMBRE) VALUES (3, 'Carreras');
INSERT INTO SYSTEM.PLAYZONEAPP_CATEGORIA (ID, NOMBRE) VALUES (4, 'Mundo_Abierto');
INSERT INTO SYSTEM.PLAYZONEAPP_CATEGORIA (ID, NOMBRE) VALUES (5, 'Supervivencia');
INSERT INTO SYSTEM.PLAYZONEAPP_CATEGORIA (ID, NOMBRE) VALUES (6, 'Terror');

-- USUARIO
INSERT INTO SYSTEM.PLAYZONEAPP_USUARIO
(ID, NOMBRES, APELLIDO_PATERNO, APELLIDO_MATERNO, NOMBRE_USUARIO, CORREO, CLAVE, FECHA_NACIMIENTO, DIRECCION_DESPACHO, ROL_ID)
VALUES (1, 'Natalia', 'Vernal', 'Guerrero', 'navernal', 'natalia.vernal@gmail.com', '123456', TIMESTAMP '2023-03-01 00:00:00.000000', 'avenida gruselda este', 1);

-- VIDEOJUEGOS

INSERT INTO SYSTEM.PLAYZONEAPP_VIDEOJUEGO (NOMBRE, DESCRIPCION, PRECIO, STOCK, CATEGORIA_ID)
VALUES ('League of Legends', 'Juego de estrategia y acción en línea multijugador', 0, 100, 2);

INSERT INTO SYSTEM.PLAYZONEAPP_VIDEOJUEGO (NOMBRE, DESCRIPCION, PRECIO, STOCK, CATEGORIA_ID)
VALUES ('Fortnite', 'Juego de batalla real con construcción y supervivencia', 0, 150, 2);

INSERT INTO SYSTEM.PLAYZONEAPP_VIDEOJUEGO (NOMBRE, DESCRIPCION, PRECIO, STOCK, CATEGORIA_ID)
VALUES ('Apex Legends', 'Juego de disparos en equipo en un mundo futurista', 0, 120, 2);

INSERT INTO SYSTEM.PLAYZONEAPP_VIDEOJUEGO (NOMBRE, DESCRIPCION, PRECIO, STOCK, CATEGORIA_ID)
VALUES ('GTA V', 'Juego de crimen en una ciudad abierta', 23990, 50, 1);

INSERT INTO SYSTEM.PLAYZONEAPP_VIDEOJUEGO (NOMBRE, DESCRIPCION, PRECIO, STOCK, CATEGORIA_ID)
VALUES ('Assassin Creed Valhalla', 'Juego de acción y aventura en la era vikinga', 45990, 30, 1);

INSERT INTO SYSTEM.PLAYZONEAPP_VIDEOJUEGO (NOMBRE, DESCRIPCION, PRECIO, STOCK, CATEGORIA_ID)
VALUES ('Red Dead Redemption 2', 'Juego de aventura y acción en el lejano oeste', 39990, 40, 1);

INSERT INTO SYSTEM.PLAYZONEAPP_VIDEOJUEGO (NOMBRE, DESCRIPCION, PRECIO, STOCK, CATEGORIA_ID)
VALUES ('F1 2021', 'Simulador de carreras de Fórmula 1', 49990, 60, 3);

INSERT INTO SYSTEM.PLAYZONEAPP_VIDEOJUEGO (NOMBRE, DESCRIPCION, PRECIO, STOCK, CATEGORIA_ID)
VALUES ('Need for Speed: Hot Pursuit', 'Juego de carreras y persecución policial', 29990, 70, 3);

INSERT INTO SYSTEM.PLAYZONEAPP_VIDEOJUEGO (NOMBRE, DESCRIPCION, PRECIO, STOCK, CATEGORIA_ID)
VALUES ('Mario Kart 8 Deluxe', 'Carreras con los personajes de Mario en circuitos locos', 24990, 80, 3);

INSERT INTO SYSTEM.PLAYZONEAPP_VIDEOJUEGO (NOMBRE, DESCRIPCION, PRECIO, STOCK, CATEGORIA_ID)
VALUES ('The Witcher 3: Wild Hunt', 'Juego de rol en un mundo de fantasía lleno de magia', 49990, 100, 4);

INSERT INTO SYSTEM.PLAYZONEAPP_VIDEOJUEGO (NOMBRE, DESCRIPCION, PRECIO, STOCK, CATEGORIA_ID)
VALUES ('Minecraft', 'Juego de supervivencia y construcción en un mundo abierto de bloques', 29990, 200, 4);

INSERT INTO SYSTEM.PLAYZONEAPP_VIDEOJUEGO (NOMBRE, DESCRIPCION, PRECIO, STOCK, CATEGORIA_ID)
VALUES ('The Legend of Zelda: Breath of the Wild', 'Aventura de acción en un vasto mundo abierto', 45990, 50, 4);

INSERT INTO SYSTEM.PLAYZONEAPP_VIDEOJUEGO (NOMBRE, DESCRIPCION, PRECIO, STOCK, CATEGORIA_ID)
VALUES ('Rust', 'Juego de supervivencia en un mundo abierto y hostil', 23990, 60, 5);

INSERT INTO SYSTEM.PLAYZONEAPP_VIDEOJUEGO (NOMBRE, DESCRIPCION, PRECIO, STOCK, CATEGORIA_ID)
VALUES ('ARK: Survival Evolved', 'Sobrevive en una isla llena de dinosaurios', 35990, 45, 5);

INSERT INTO SYSTEM.PLAYZONEAPP_VIDEOJUEGO (NOMBRE, DESCRIPCION, PRECIO, STOCK, CATEGORIA_ID)
VALUES ('Dont Starve', 'Juego de supervivencia con un toque de horror', 18990, 90, 5);

INSERT INTO SYSTEM.PLAYZONEAPP_VIDEOJUEGO (NOMBRE, DESCRIPCION, PRECIO, STOCK, CATEGORIA_ID)
VALUES ('Resident Evil 2', 'Juego de terror y supervivencia en una ciudad infestada de zombis', 39990, 50, 6);

INSERT INTO SYSTEM.PLAYZONEAPP_VIDEOJUEGO (NOMBRE, DESCRIPCION, PRECIO, STOCK, CATEGORIA_ID)
VALUES ('Outlast', 'Juego de terror psicológico en un manicomio abandonado', 19990, 30, 6);

INSERT INTO SYSTEM.PLAYZONEAPP_VIDEOJUEGO (NOMBRE, DESCRIPCION, PRECIO, STOCK, CATEGORIA_ID)
VALUES ('Phasmophobia', 'Juego cooperativo de terror en el que cazas fantasmas', 25990, 60, 6);

